City_ID,City,Country,Lat,Lng,Max Temp,Humidity,Cloudiness,Wind Speed,Current Description
0,Rikitea,PF,-23.1203,-134.9692,73.27,89,100,24.02,moderate rain
1,East London,ZA,-33.0153,27.9116,64.98,79,100,2.19,overcast clouds
2,Wewak,PG,-3.5534,143.6268,86.11,66,100,4.63,overcast clouds
3,Jibuti,DJ,11.5,42.5,69.75,76,4,10.13,clear sky
4,Port Alfred,ZA,-33.5906,26.891,62.19,95,98,6.31,overcast clouds
5,Khatanga,RU,71.9667,102.5,-27.71,100,94,5.1,overcast clouds
6,Hermanus,ZA,-34.4187,19.2345,52.81,72,97,4.59,overcast clouds
7,Codrington,AU,-38.2667,141.9667,58.21,65,89,9.71,overcast clouds
8,Atar,MR,20.5169,-13.0499,76.14,21,0,8.75,clear sky
9,Atuona,PF,-9.8,-139.0333,78.21,76,1,14.12,clear sky
10,Bartoszyce,PL,54.2535,20.8082,28.24,82,8,7.7,clear sky
11,Namibe,AO,-15.1961,12.1522,69.1,79,100,9.44,overcast clouds
12,Hilo,US,19.7297,-155.09,79.25,87,100,5.75,overcast clouds
13,Inhambane,MZ,-23.865,35.3833,72.16,69,3,5.01,clear sky
14,Riyadh,SA,24.6877,46.7219,69.94,29,99,10.69,overcast clouds
15,Kirakira,SB,-10.4544,161.9205,83.25,80,77,6.06,broken clouds
16,Bull Savanna,JM,17.8868,-77.5902,76.73,85,69,6.73,broken clouds
17,Salina,US,38.8403,-97.6114,26.94,72,0,5.75,clear sky
18,Malartic,CA,48.1335,-78.1328,19.51,91,99,6.06,overcast clouds
19,Avera,US,33.194,-82.5271,48.25,49,100,11.7,overcast clouds
20,Niono,ML,14.2526,-5.993,75.63,16,45,8.63,scattered clouds
21,Sestri Levante,IT,44.2732,9.3968,60.57,84,100,5.91,overcast clouds
22,Fortuna,US,40.5982,-124.1573,52.99,87,0,4.61,clear sky
23,Ixtapa,MX,20.7,-105.2,76.23,83,0,6.91,clear sky
24,Geraldton,AU,-28.7667,114.6,61.21,82,75,11.5,broken clouds
25,Chapais,CA,49.7834,-74.8492,17.38,95,100,5.37,light snow
26,Albany,US,42.6001,-73.9662,39.67,89,47,1.01,scattered clouds
27,Sisimiut,GL,66.9395,-53.6735,22.23,89,100,20.96,light snow
28,Bredasdorp,ZA,-34.5322,20.0403,55.38,72,100,3.15,overcast clouds
29,Mar Del Plata,AR,-38.0023,-57.5575,64.42,88,0,4.61,clear sky
30,New Norfolk,AU,-42.7826,147.0587,58.91,53,100,3.0,overcast clouds
31,Georgetown,MY,5.4112,100.3354,82.33,89,20,3.44,few clouds
32,College,US,64.8569,-147.8028,11.07,85,20,0.0,few clouds
33,Ushuaia,AR,-54.8,-68.3,51.46,54,75,4.61,broken clouds
34,Vaini,TO,-21.2,-175.2,80.76,74,20,4.61,few clouds
35,Chiredzi,ZW,-21.05,31.6667,71.89,46,0,3.91,clear sky
36,Thinadhoo,MV,0.5333,72.9333,81.14,71,99,10.78,overcast clouds
37,Asau,RO,46.4333,26.4,38.32,87,100,2.21,overcast clouds
38,Cesvaine,LV,56.9667,26.3167,28.54,83,69,4.18,broken clouds
39,Port Elizabeth,ZA,-33.918,25.5701,63.32,80,0,10.36,clear sky
40,Tocopilla,CL,-22.092,-70.1979,65.43,73,22,3.71,few clouds
41,Yumen,CN,40.2833,97.2,30.6,32,0,7.58,clear sky
42,Bambous Virieux,MU,-20.3428,57.7575,70.05,78,40,3.44,scattered clouds
43,Mataura,NZ,-46.1927,168.8643,58.48,85,100,2.8,overcast clouds
44,Puerto Escondido,MX,15.85,-97.0667,81.43,65,75,3.44,broken clouds
45,Hervey Bay,AU,-25.2986,152.8535,77.02,35,72,14.0,broken clouds
46,Byron Bay,AU,-28.65,153.6167,70.95,38,74,11.54,broken clouds
47,Jamestown,US,42.097,-79.2353,34.02,70,100,17.0,overcast clouds
48,Lebu,CL,-37.6167,-73.65,56.52,93,16,8.16,few clouds
49,Laguna,US,38.421,-121.4238,60.94,51,0,4.61,clear sky
50,Punta Arenas,CL,-53.15,-70.9167,50.11,66,0,6.91,clear sky
51,Touros,BR,-5.1989,-35.4608,78.69,70,0,12.44,clear sky
52,Srednekolymsk,RU,67.45,153.6833,-5.51,99,100,7.7,light snow
53,Avarua,CK,-21.2078,-159.775,78.85,65,38,16.11,scattered clouds
54,Tasiilaq,GL,65.6145,-37.6368,35.76,80,100,28.63,overcast clouds
55,Belmonte,BR,-15.8631,-38.8828,75.85,91,100,7.4,moderate rain
56,Flinders,AU,-34.5833,150.8552,66.18,54,39,5.01,scattered clouds
57,Puerto Ayora,EC,-0.7393,-90.3518,70.56,90,100,5.99,overcast clouds
58,Mahebourg,MU,-20.4081,57.7,70.09,78,40,3.44,scattered clouds
59,Leningradskiy,RU,69.3833,178.4167,6.37,93,100,3.56,overcast clouds
60,Busselton,AU,-33.65,115.3333,59.9,70,98,19.35,overcast clouds
61,Qui Nhon,VN,13.7667,109.2333,78.01,85,100,7.18,overcast clouds
62,Butaritari,KI,3.0707,172.7902,81.18,73,20,17.58,few clouds
63,Bengkulu,ID,-3.8004,102.2655,74.8,91,100,14.83,moderate rain
64,Bethel,US,41.3712,-73.414,42.76,75,0,5.75,clear sky
65,Mount Gambier,AU,-37.8333,140.7667,56.75,61,100,5.46,overcast clouds
66,Vaitape,PF,-16.5167,-151.75,79.47,72,92,1.7,overcast clouds
67,Te Anau,NZ,-45.4167,167.7167,60.82,79,100,2.84,overcast clouds
68,Longyearbyen,SJ,78.2186,15.6401,21.04,68,20,16.11,few clouds
69,Dikson,RU,73.5069,80.5464,0.16,96,100,15.08,overcast clouds
70,San Patricio,US,28.017,-97.5169,51.67,63,100,7.49,overcast clouds
71,Airai,TL,-8.9266,125.4092,72.21,60,54,1.28,broken clouds
72,Jalu,LY,29.0331,21.5482,61.81,38,0,10.31,clear sky
73,Qurbus,TN,36.8167,10.5687,66.54,81,73,16.06,light rain
74,Petropavlovsk-Kamchatskiy,RU,53.0452,158.6483,21.79,50,0,8.95,clear sky
75,Klaksvik,FO,62.2266,-6.589,50.92,89,93,35.14,light rain
76,Carutapera,BR,-1.195,-46.02,77.72,78,100,5.82,overcast clouds
77,Tautira,PF,-17.7333,-149.15,77.94,79,89,8.59,overcast clouds
78,Hithadhoo,MV,-0.6,73.0833,80.8,77,100,10.29,overcast clouds
79,Dukat,RU,62.55,155.55,-23.89,96,10,2.98,clear sky
80,Beruwala,LK,6.4788,79.9828,74.39,89,69,7.45,broken clouds
81,Marienburg,PL,54.0359,19.0266,33.89,79,9,10.29,clear sky
82,Pevek,RU,69.7008,170.3133,6.62,95,100,6.11,light snow
83,Okhotsk,RU,59.3833,143.3,-3.46,76,13,17.07,few clouds
84,Kaeo,NZ,-35.1,173.7833,73.33,79,100,9.42,overcast clouds
85,Ketchikan,US,55.3422,-131.6461,43.75,88,0,6.08,clear sky
86,Talnakh,RU,69.4865,88.3972,-29.13,99,59,3.53,broken clouds
87,Hobart,AU,-42.8794,147.3294,59.27,72,75,13.8,broken clouds
88,Saldanha,ZA,-33.0117,17.9442,55.45,77,89,15.41,overcast clouds
89,Naantali,FI,60.4674,22.0243,30.11,93,100,5.75,overcast clouds
90,Whitehorse,CA,60.7161,-135.0538,18.37,92,40,5.75,scattered clouds
91,Tuktoyaktuk,CA,69.4541,-133.0374,15.8,67,40,12.66,scattered clouds
92,Aras,ES,42.5617,-2.356,59.43,93,0,1.14,clear sky
93,Ribeira Grande,PT,38.5167,-28.7,62.78,62,9,8.99,clear sky
94,Upernavik,GL,72.7868,-56.1549,11.68,93,99,13.98,overcast clouds
95,Kavaratti,IN,10.5669,72.642,81.59,72,100,4.56,overcast clouds
96,Barrow,US,71.2906,-156.7887,28.42,74,0,18.41,clear sky
97,Vilhena,BR,-12.7406,-60.1458,76.1,55,100,2.98,overcast clouds
98,Rafai,CF,4.95,23.9167,68.61,64,100,1.66,overcast clouds
99,Boke,GN,10.9409,-14.2967,75.34,84,100,2.64,overcast clouds
100,Bubaque,GW,11.2833,-15.8333,83.08,69,100,3.91,overcast clouds
101,Adelanto,US,34.5828,-117.4092,52.09,22,0,6.55,clear sky
102,Matai,TZ,-8.3,31.5167,58.93,90,52,1.07,broken clouds
103,Hamilton,US,39.1834,-84.5333,34.23,83,100,17.27,overcast clouds
104,Cape Town,ZA,-33.9258,18.4232,61.27,71,0,13.8,clear sky
105,Bella Union,UY,-30.2752,-57.6007,73.69,41,1,4.74,clear sky
106,Saint-Georges,GD,12.0564,-61.7485,78.48,94,20,10.36,few clouds
107,Baloda Bazar,IN,21.6667,82.1667,60.33,61,0,2.13,clear sky
108,Victorville,US,34.5361,-117.2912,52.59,21,0,3.0,clear sky
109,Dubovskoye,RU,47.4092,42.7575,39.6,67,100,6.35,overcast clouds
110,Sabha,LY,27.0377,14.4283,61.12,33,1,6.62,clear sky
111,Kapaa,US,22.0752,-159.319,80.58,67,75,11.5,broken clouds
112,Puerto Baquerizo Moreno,EC,-0.9,-89.6,70.81,76,100,9.66,overcast clouds
113,San Pedro De Ycuamandiyu,PY,-24.0917,-57.0764,66.18,78,0,4.56,clear sky
114,Goundam,ML,16.4145,-3.6708,75.29,17,100,7.05,overcast clouds
115,Bluff,NZ,-46.6,168.3333,58.8,87,100,12.66,overcast clouds
116,Aksu,CN,41.1231,80.2644,36.23,47,0,8.79,clear sky
117,Brae,GB,60.3964,-1.353,46.96,88,100,39.95,moderate rain
118,Dubna,RU,56.7333,37.1667,24.98,96,100,2.71,overcast clouds
119,Pontianak,ID,-0.0333,109.3333,80.58,88,20,3.44,few clouds
120,Sao Filipe,CV,14.8961,-24.4956,77.43,69,89,1.77,overcast clouds
121,Port Hardy,CA,50.6996,-127.4199,33.98,100,40,3.44,scattered clouds
122,Castro,BR,-24.7911,-50.0119,56.77,86,0,6.24,clear sky
123,Mosquera,CO,4.7059,-74.2302,53.69,94,40,2.3,scattered clouds
124,Haines Junction,CA,60.7522,-137.5108,12.15,85,58,2.3,broken clouds
125,Manokwari,ID,-0.8667,134.0833,83.08,74,100,5.59,overcast clouds
126,Port Augusta,AU,-32.5,137.7667,71.26,29,0,7.31,clear sky
127,Katsuura,JP,35.1333,140.3,61.75,65,83,15.61,broken clouds
128,Chicama,PE,-7.8447,-79.1469,61.34,76,98,5.19,overcast clouds
129,Mana,GF,5.6592,-53.7767,78.08,88,100,8.72,overcast clouds
130,Circleville,US,39.6006,-82.946,34.54,86,100,14.97,overcast clouds
131,Matay,EG,28.419,30.7792,60.71,51,100,4.92,overcast clouds
132,Saint-Pierre,RE,-21.3393,55.4781,67.91,55,0,5.75,clear sky
133,Saint Pete Beach,US,27.7253,-82.7412,67.15,71,40,6.91,scattered clouds
134,Clyde River,CA,70.4692,-68.5914,1.63,85,100,19.57,light snow
135,Victoria,HK,22.2855,114.1577,78.85,81,74,11.01,broken clouds
136,Skibbereen,IE,51.55,-9.2667,45.1,90,100,6.73,overcast clouds
137,Beringovskiy,RU,63.05,179.3167,31.8,94,100,3.42,overcast clouds
138,Mompos,CO,9.2419,-74.4267,76.73,94,100,1.88,overcast clouds
139,Yakeshi,CN,49.2833,120.7333,18.93,85,92,4.99,overcast clouds
140,Ginir,ET,7.1333,40.7,53.51,50,4,5.99,clear sky
141,Ahome,MX,25.9167,-109.1833,69.75,57,69,11.32,broken clouds
142,Henties Bay,NA,-22.116,14.2845,59.45,90,3,7.29,clear sky
143,Walvis Bay,NA,-22.9575,14.5053,60.1,88,0,12.66,clear sky
144,Yellowknife,CA,62.456,-114.3525,1.92,92,75,2.3,light snow
145,Oriximina,BR,-1.7656,-55.8661,81.36,60,100,0.49,overcast clouds
146,Ahuimanu,US,21.4447,-157.8378,83.91,60,40,18.41,scattered clouds
147,Lompoc,US,34.6391,-120.4579,62.74,49,0,6.91,clear sky
148,Nanortalik,GL,60.1432,-45.2371,21.29,78,53,19.04,broken clouds
149,Sobolevo,RU,54.4299,31.8996,24.55,81,6,6.49,clear sky
150,Kjopsvik,NO,68.097,16.3742,21.07,30,13,9.13,few clouds
151,Carballo,ES,43.213,-8.691,60.01,88,50,9.48,scattered clouds
152,Chara,RU,56.9064,118.2631,12.88,86,100,0.94,overcast clouds
153,Batemans Bay,AU,-35.7167,150.1833,62.1,42,6,9.13,clear sky
154,Vao,NC,-22.6667,167.4833,76.57,81,99,13.8,overcast clouds
155,Ilembula,TZ,-8.9,34.5833,63.57,79,92,8.28,overcast clouds
156,Cascais,PT,38.6979,-9.4215,65.93,99,100,18.01,overcast clouds
157,Pangnirtung,CA,66.1451,-65.7125,-1.71,83,80,3.44,broken clouds
158,Tazovskiy,RU,67.4667,78.7,-16.46,100,47,4.74,scattered clouds
159,Morehead,US,37.2711,-87.1764,36.99,59,75,11.5,broken clouds
160,East Millcreek,US,40.7,-111.8105,33.24,66,0,3.44,clear sky
161,Lasa,IT,46.6166,10.7002,41.88,72,100,1.5,overcast clouds
162,Sinnar,SD,13.5691,33.5672,74.19,28,11,14.45,few clouds
163,Araouane,ML,18.9048,-3.5265,73.06,15,100,10.22,overcast clouds
164,Ambunti,PG,-4.2365,142.8448,90.86,56,93,1.83,overcast clouds
165,Severo-Kurilsk,RU,50.6789,156.125,35.46,62,100,5.91,overcast clouds
166,Valparaiso,CL,-33.0393,-71.6273,60.44,82,0,5.75,clear sky
167,Luderitz,NA,-26.6481,15.1594,59.95,81,7,13.31,clear sky
168,Thompson,CA,55.7435,-97.8558,15.96,86,100,13.8,light snow
169,Gamba,GA,-2.65,10.0,75.99,85,99,8.81,light rain
170,Powassan,CA,46.0334,-79.3496,29.16,75,99,4.54,overcast clouds
171,Namatanai,PG,-3.6667,152.4333,85.01,67,100,7.36,overcast clouds
172,Sohbatpur,PK,28.5202,68.5434,65.43,42,0,3.8,clear sky
173,Rawson,AR,-43.3002,-65.1023,61.57,56,4,13.89,clear sky
174,Pisco,PE,-13.7,-76.2167,64.45,82,0,14.97,clear sky
175,Lata,PT,40.1629,-8.3327,63.07,98,100,9.75,light rain
176,Paciran,ID,-6.8767,112.3761,82.87,73,100,4.63,overcast clouds
177,Hofn,IS,64.2539,-15.2082,46.15,89,100,20.87,overcast clouds
178,Cherskiy,RU,68.75,161.3,1.35,97,100,2.8,light snow
179,Priladozhskiy,RU,59.85,31.4833,32.54,1,100,10.11,light snow
180,High Rock,BS,26.6208,-78.2833,75.22,70,16,3.09,few clouds
181,San Jose,US,37.3394,-121.895,62.85,40,40,5.75,scattered clouds
182,Mozarlandia,BR,-14.7447,-50.5706,78.62,62,0,3.38,clear sky
183,Lodja,CD,-3.4833,23.4333,67.77,96,100,1.25,overcast clouds
184,Ponta Delgada,PT,37.7333,-25.6667,63.5,94,75,2.3,light intensity shower rain
185,Abha,SA,18.2164,42.5053,51.62,50,0,0.0,clear sky
186,Quirinopolis,BR,-18.4483,-50.4517,74.21,39,0,5.06,clear sky
187,Presidencia Roque Saenz Pena,AR,-26.7852,-60.4388,70.3,47,0,6.91,clear sky
188,Vardo,NO,70.3705,31.1107,35.58,48,72,16.11,broken clouds
189,Constitucion,CL,-35.3333,-72.4167,56.88,83,10,11.81,clear sky
190,Chokurdakh,RU,70.6333,147.9167,-23.24,100,84,5.23,broken clouds
191,Zanjan,IR,36.6736,48.4787,43.2,87,51,7.43,broken clouds
192,Puerto Del Rosario,ES,28.5004,-13.8627,65.95,68,0,8.05,clear sky
193,Saint-Joseph,RE,-21.3667,55.6167,64.78,71,10,4.85,clear sky
194,Ilhabela,BR,-23.7781,-45.3581,69.03,79,0,3.91,clear sky
195,Sola,VU,-13.8833,167.55,82.54,71,9,8.08,clear sky
196,Nome,US,64.5011,-165.4064,32.07,80,100,21.85,overcast clouds
197,Tevriz,RU,57.509,72.4042,-9.27,96,34,4.07,scattered clouds
198,Saint George,US,37.1041,-113.5841,46.99,34,0,5.75,clear sky
199,Antofagasta,CL,-23.65,-70.4,61.88,83,31,4.25,scattered clouds
200,Araioses,BR,-2.89,-41.9031,78.51,77,10,10.02,clear sky
201,Nainpur,IN,22.4333,80.1167,62.62,58,0,2.51,clear sky
202,Santa Rosalia,MX,27.3167,-112.2833,62.91,53,0,10.45,clear sky
203,Meadow Lake,US,34.8014,-106.5436,38.68,50,7,6.69,clear sky
204,Yaan,NG,7.3833,8.5667,72.07,53,97,4.72,overcast clouds
205,Kaoma,ZM,-14.7833,24.8,62.13,95,4,3.24,clear sky
206,Nikolskoye,RU,59.7035,30.7861,33.69,86,100,7.16,overcast clouds
207,Dingle,PH,10.9995,122.6711,84.15,77,60,10.47,broken clouds
208,Markova,UA,48.6758,24.4138,42.06,97,100,3.87,overcast clouds
209,Myanaung,MM,18.2833,95.3167,76.48,69,6,10.76,clear sky
210,Kloulklubed,PW,7.0419,134.2556,79.3,81,100,15.19,overcast clouds
211,Russell,US,32.3502,-85.1999,47.8,66,0,4.61,clear sky
212,Ahipara,NZ,-35.1667,173.1667,68.56,71,100,10.6,light rain
213,Severobaykalsk,RU,55.65,109.3167,28.24,79,43,6.91,scattered clouds
214,Asmar,AF,35.0333,71.3581,45.5,36,0,12.01,clear sky
215,Berlevag,NO,70.8578,29.0864,41.0,55,13,16.04,few clouds
216,Graciano Sanchez,MX,23.9167,-99.2833,56.35,71,39,5.39,scattered clouds
217,Pahrump,US,36.2083,-115.9839,53.65,27,0,1.01,clear sky
218,Kabelvag,NO,68.2114,14.4817,32.02,53,41,8.12,scattered clouds
219,Bolu,TR,40.6667,31.5833,41.81,66,58,4.32,broken clouds
220,Beloha,MG,-25.1667,45.05,65.19,89,0,4.74,clear sky
221,Torbay,CA,47.6666,-52.7314,33.58,79,100,5.75,overcast clouds
222,Cidreira,BR,-30.1811,-50.2056,66.63,61,0,4.29,clear sky
223,Kutum,SD,14.2,24.6667,59.11,31,84,5.1,broken clouds
224,Iqaluit,CA,63.7506,-68.5145,8.33,85,100,14.97,light snow
225,Barela,IN,23.1,80.05,63.45,57,0,1.72,clear sky
226,Saint-Philippe,RE,-21.3585,55.7679,65.79,75,19,5.68,few clouds
227,Mrakovo,RU,52.7161,56.6244,18.45,96,100,3.36,overcast clouds
228,Honiara,SB,-9.4333,159.95,84.15,75,66,2.19,broken clouds
229,Arraial Do Cabo,BR,-22.9661,-42.0278,71.91,77,97,13.96,overcast clouds
230,Faanui,PF,-16.4833,-151.75,79.66,72,93,1.34,overcast clouds
231,Rio Gallegos,AR,-51.6226,-69.2181,51.85,50,0,33.38,clear sky
232,Basco,PH,20.4487,121.9702,80.87,71,6,16.55,clear sky
233,Arona,ES,28.0996,-16.681,64.9,53,0,3.44,clear sky
234,Marzuq,YE,14.4,46.4667,61.11,58,2,1.21,clear sky
235,Grindavik,IS,63.8424,-22.4338,48.15,87,75,25.32,broken clouds
236,Canon City,US,38.441,-105.2424,33.01,39,0,8.05,clear sky
237,Afantou,GR,36.2935,28.1623,62.31,77,40,2.3,scattered clouds
238,Hirado,JP,33.3597,129.5531,59.4,54,100,2.48,overcast clouds
239,Tura,IN,25.5198,90.2201,68.41,77,0,2.86,clear sky
240,Kruisfontein,ZA,-34.0033,24.7314,57.88,70,100,6.85,overcast clouds
241,Fulton,US,33.7668,-84.4499,44.24,73,0,6.91,clear sky
242,Borovskoy,KZ,53.8,64.15,7.54,91,12,3.44,few clouds
243,Boffa,GN,10.1667,-14.0333,72.5,77,100,2.26,overcast clouds
244,Kendari,ID,-3.945,122.4989,81.05,79,100,4.83,overcast clouds
245,Hovd,MN,48.0056,91.6419,30.42,45,14,13.91,few clouds
246,Cabo San Lucas,MX,22.8909,-109.9124,78.51,67,40,8.05,scattered clouds
247,La Ronge,CA,55.1001,-105.2842,14.25,73,100,19.57,light snow
248,Mata,PT,40.683,-7.4592,59.94,98,100,11.86,light rain
249,Karasuk,RU,53.7377,78.0403,17.17,85,100,13.4,overcast clouds
250,Uige,AO,-7.6087,15.0613,63.05,95,100,2.28,overcast clouds
251,Paamiut,GL,61.994,-49.6678,11.48,80,49,9.28,scattered clouds
252,Prado,BR,-17.3411,-39.2208,73.2,94,100,4.03,light rain
253,Keti Bandar,PK,24.1447,67.4497,76.19,66,0,7.63,clear sky
254,Anchorage,US,61.2181,-149.9003,29.28,78,0,6.91,clear sky
255,Carnarvon,AU,-24.8667,113.6333,68.4,51,91,15.5,overcast clouds
256,Aswan,EG,24.0934,32.907,62.24,46,100,8.32,overcast clouds
257,Erzin,TR,36.9559,36.2,57.99,74,93,3.6,overcast clouds
258,Kaitangata,NZ,-46.2817,169.8464,60.44,74,81,6.17,broken clouds
259,Muisne,EC,0.6,-80.0333,74.1,84,99,6.64,overcast clouds
260,Provideniya,RU,64.3833,-173.3,37.51,81,100,11.18,light intensity shower rain
261,Aklavik,CA,68.2191,-135.0107,11.39,80,100,1.54,overcast clouds
262,Mehamn,NO,71.0357,27.8492,40.95,45,29,18.41,scattered clouds
263,Kuzedeyevo,RU,53.3308,87.2019,23.97,88,100,12.86,light snow
264,Ishigaki,JP,24.3448,124.1572,80.73,83,40,12.66,scattered clouds
265,Qaanaaq,GL,77.484,-69.3632,-4.22,93,100,4.92,overcast clouds
266,Svetlaya,RU,46.5389,138.3297,32.94,52,5,2.82,clear sky
267,Gizo,SB,-8.103,156.8419,84.6,65,74,3.74,broken clouds
268,Corning,US,42.1428,-77.0547,37.44,74,100,9.22,overcast clouds
269,Grand Gaube,MU,-20.0064,57.6608,70.2,69,59,4.0,broken clouds
270,Luanda,AO,-8.8368,13.2343,75.88,77,99,8.68,overcast clouds
271,Santa Maria Del Oro,MX,25.9333,-105.3667,52.48,50,41,4.61,scattered clouds
272,Fairbanks,US,64.8378,-147.7164,10.4,86,0,0.0,clear sky
273,Havoysund,NO,70.9963,24.6622,44.83,67,10,13.85,clear sky
274,Derzhavinsk,KZ,51.1,66.3167,18.16,94,93,9.53,overcast clouds
275,Las Vegas,US,36.175,-115.1372,56.1,23,0,8.05,clear sky
276,Candelaria,PH,13.9311,121.4233,84.7,69,97,8.34,overcast clouds
277,Beinamar,TD,8.6698,15.3813,70.18,39,72,2.15,broken clouds
278,Port Lincoln,AU,-34.7333,135.8667,62.4,62,2,16.73,clear sky
279,Dakoro,NE,14.5106,6.765,67.68,22,52,10.11,broken clouds
280,Najran,SA,17.4924,44.1277,59.65,34,14,0.49,few clouds
281,Portland,US,45.5234,-122.6762,44.58,66,0,12.66,clear sky
282,Phuket,TH,8.0,98.25,84.09,100,20,9.22,few clouds
283,Marawi,PH,7.9986,124.2928,71.22,89,100,1.68,overcast clouds
284,San Vicente,AR,-26.6167,-54.1333,58.23,75,0,2.68,clear sky
285,Norman Wells,CA,65.282,-126.8329,-0.36,85,40,0.0,scattered clouds
286,Guerrero Negro,MX,27.9769,-114.0611,67.39,40,0,5.5,clear sky
287,Port-Gentil,GA,-0.7193,8.7815,76.93,85,100,10.87,moderate rain
288,Muromtsevo,RU,56.3724,75.2418,10.17,90,100,4.97,overcast clouds
289,Vesyegonsk,RU,58.664,37.2604,27.91,96,100,3.42,snow
290,Lokosovo,RU,61.1333,74.8167,-12.66,97,25,3.33,scattered clouds
291,Jeremie,HT,18.65,-74.1167,79.36,83,13,2.21,few clouds
292,Ayan,RU,56.45,138.1667,14.76,46,6,3.42,clear sky
293,Mayo,US,38.8876,-76.5119,45.1,64,100,17.27,overcast clouds
294,Salym,RU,60.0625,71.4789,-16.17,99,22,2.82,few clouds
295,Nyrob,RU,60.733,56.7202,-0.36,97,13,1.83,few clouds
296,Seoul,KR,37.5683,126.9778,53.17,59,0,5.75,clear sky
297,Gimbi,ET,9.1667,35.8333,52.47,88,3,1.88,clear sky
298,Alice Springs,AU,-23.7,133.8833,76.55,44,75,16.11,broken clouds
299,Alekseyevsk,RU,57.8406,108.3492,30.22,88,100,11.68,overcast clouds
300,North Platte,US,41.1239,-100.7654,35.49,58,100,5.75,overcast clouds
301,Tuatapere,NZ,-46.1333,167.6833,60.94,82,100,5.06,overcast clouds
302,Lahaina,US,20.8783,-156.6825,84.2,79,100,9.93,overcast clouds
303,Usinsk,RU,65.9939,57.5281,-11.04,96,15,9.95,few clouds
304,Ostrovnoy,RU,68.0531,39.5131,30.63,88,100,10.13,overcast clouds
305,Majene,ID,-3.5403,118.9707,84.33,73,100,6.38,overcast clouds
306,Chuy,UY,-33.6971,-53.4616,60.76,83,0,5.23,clear sky
307,Miram Shah,PK,33.0086,70.0697,52.12,34,0,6.85,clear sky
308,Cortes,ES,41.9395,-1.4396,66.25,64,100,10.49,light rain
309,Lagoa,PT,39.05,-27.9833,61.61,66,100,21.9,overcast clouds
310,Broken Hill,AU,-31.95,141.4333,63.55,34,0,8.79,clear sky
311,Gondanglegi,ID,-7.7479,112.0132,85.33,70,87,4.14,overcast clouds
312,Santa Cruz,BO,-17.8,-63.1667,76.46,73,72,5.75,broken clouds
313,Tumut,AU,-35.3,148.2167,60.49,57,19,6.98,few clouds
314,Kahului,US,20.8947,-156.47,84.22,63,20,16.11,few clouds
315,Ponta Do Sol,PT,32.6667,-17.1,69.71,84,84,7.0,broken clouds
316,Kodiak,US,57.79,-152.4072,44.11,93,100,18.41,mist
317,Kushmurun,KZ,52.4503,64.6311,12.15,93,98,2.08,overcast clouds
318,Lavrentiya,RU,65.5833,-171.0,33.51,96,100,14.25,overcast clouds
319,Shadrinsk,RU,56.0852,63.6335,1.15,97,94,3.29,overcast clouds
320,Mannarakkat,IN,10.9833,76.4667,74.88,88,100,3.06,overcast clouds
321,Canberra,AU,-35.2835,149.1281,63.27,48,40,8.05,scattered clouds
322,Rabaul,PG,-4.1967,152.1721,82.76,69,100,4.54,overcast clouds
323,San Juan,AR,-31.5375,-68.5364,87.62,26,50,16.93,scattered clouds
324,Monywa,MM,22.1167,95.1333,71.42,68,0,7.49,clear sky
325,Porto De Moz,BR,-1.7483,-52.2383,77.97,64,85,3.78,overcast clouds
326,Bac Lieu,VN,9.285,105.7244,83.44,75,95,15.75,overcast clouds
327,Dwarka,IN,22.2394,68.9678,78.15,59,0,9.84,clear sky
328,Gravdal,NO,68.1214,13.5031,42.6,54,27,8.7,scattered clouds
329,Teofilo Otoni,BR,-17.8575,-41.5053,68.34,98,100,1.74,overcast clouds
330,Zeya,RU,53.75,127.2667,16.75,86,100,6.64,overcast clouds
331,Benton Harbor,US,42.1167,-86.4542,37.65,77,100,11.5,overcast clouds
332,Yei,SS,4.095,30.6779,66.0,93,84,2.86,broken clouds
333,Nyurba,RU,63.2842,118.3319,3.47,96,100,3.2,overcast clouds
334,Padang,ID,-0.9492,100.3543,73.45,86,100,3.04,light rain
335,Maldonado,UY,-34.6667,-54.9167,67.23,72,6,5.86,clear sky
336,Jishou,CN,28.3167,109.7167,57.04,72,81,1.74,broken clouds
337,Srebrenica,BA,44.1064,19.2969,51.58,99,100,1.25,heavy intensity rain
338,Tiksi,RU,71.6872,128.8694,-20.58,99,95,3.69,overcast clouds
339,Bucerias,MX,20.75,-105.3333,76.98,83,0,6.91,clear sky
340,Wilmington,US,34.2257,-77.9447,53.51,89,0,4.0,clear sky
341,Esil,KZ,51.9556,66.4042,12.88,94,88,2.68,overcast clouds
342,Tshikapa,CD,-6.4167,20.8,68.09,98,98,1.41,overcast clouds
343,Mocuba,MZ,-16.8392,36.9856,70.43,96,1,1.48,clear sky
344,Eagle Pass,US,28.7091,-100.4995,53.28,44,20,0.0,few clouds
345,Camocim,BR,-2.9022,-40.8411,77.63,77,4,10.56,clear sky
346,Zuwarah,LY,32.9312,12.082,66.56,37,99,14.5,overcast clouds
347,Noumea,NC,-22.2763,166.4572,87.78,78,100,8.95,overcast clouds
348,Baindur,IN,13.8667,74.6333,74.89,63,13,5.75,few clouds
349,Tommot,RU,58.9564,126.2925,4.59,96,100,2.13,light snow
350,Biu,NG,10.6129,12.1946,66.07,31,97,6.46,overcast clouds
351,Kashmor,PK,28.4333,69.5833,65.26,36,0,7.67,clear sky
352,Sitka,US,57.0531,-135.33,48.09,71,0,0.0,clear sky
353,Tulun,RU,54.5611,100.5792,23.77,76,100,2.71,overcast clouds
354,Cap-Haitien,HT,19.7578,-72.2042,80.22,80,7,12.39,light rain
355,Pacific Grove,US,36.6177,-121.9166,59.02,56,0,5.99,clear sky
356,Gabu,GW,12.2833,-14.2167,76.64,75,100,3.74,overcast clouds
357,Knin,HR,44.0439,16.2,56.89,94,91,0.72,overcast clouds
358,Raudeberg,NO,61.9875,5.1352,49.87,29,0,7.72,clear sky
359,Guatire,VE,10.4762,-66.5427,79.2,97,100,1.57,overcast clouds
360,Novobiryusinskiy,RU,56.9578,97.7076,28.49,87,100,5.41,overcast clouds
361,Chumikan,RU,54.7183,135.315,14.58,80,62,15.68,broken clouds
362,Saint-Jean-De-Maurienne,FR,45.1667,6.5833,29.14,98,100,3.96,snow
363,Mackay,AU,-21.15,149.2,87.67,48,54,16.42,broken clouds
364,Shaunavon,CA,49.6501,-108.4181,19.18,89,93,25.95,overcast clouds
365,Hof,DE,50.3167,11.9167,42.62,95,100,5.75,overcast clouds
366,Strezhevoy,RU,60.7333,77.5889,-9.36,93,25,4.56,scattered clouds
367,Saskylakh,RU,71.9167,114.0833,-24.57,98,100,4.65,overcast clouds
368,Hirara,JP,24.8,125.2833,79.07,78,75,14.97,broken clouds
369,Niquelandia,BR,-14.4739,-48.4597,71.62,85,92,0.27,overcast clouds
370,Ambilobe,MG,-13.2,49.05,71.71,91,98,2.39,overcast clouds
371,Obanazawa,JP,38.6033,140.4019,48.36,60,78,7.96,broken clouds
372,Eureka,US,40.8021,-124.1637,52.25,89,7,2.98,clear sky
373,Milkovo,RU,54.7167,158.6167,17.83,83,5,0.81,clear sky
374,Rizhao,CN,35.4275,119.4553,59.0,60,0,5.64,clear sky
375,Muros,ES,42.7762,-9.0603,61.09,83,100,14.99,overcast clouds
376,Cayenne,GF,4.9333,-52.3333,78.84,89,0,0.0,clear sky
377,Hobyo,SO,5.3505,48.5268,80.31,74,64,11.79,light rain
378,Karratha,AU,-20.7377,116.8463,78.57,47,47,13.6,scattered clouds
379,Pochutla,MX,15.7432,-96.4661,80.82,76,100,3.04,overcast clouds
380,Atambua,ID,-9.1061,124.8925,84.13,60,100,2.68,overcast clouds
381,Olinda,BR,-8.0089,-34.8553,80.33,74,40,8.05,scattered clouds
382,Ilulissat,GL,69.2167,-51.1,15.82,73,100,6.91,overcast clouds
383,Bathsheba,BB,13.2167,-59.5167,81.21,78,40,13.8,scattered clouds
384,Paita,PE,-5.0892,-81.1144,64.99,84,85,14.27,overcast clouds
385,Kristiansund,NO,63.1115,7.732,50.65,22,75,3.44,broken clouds
386,Wukari,NG,7.85,9.7833,73.42,41,100,0.89,overcast clouds
387,Kasangulu,CD,-4.5911,15.1708,74.34,98,100,1.57,moderate rain
388,Susangerd,IR,31.5608,48.1831,68.79,73,100,5.17,overcast clouds
389,Phak Hai,TH,14.4574,100.3699,80.02,85,92,2.89,overcast clouds
390,Sawakin,SD,19.1059,37.3321,83.1,64,23,3.8,few clouds
391,Nieuw Amsterdam,SR,5.8833,-55.0833,80.02,88,100,7.9,overcast clouds
392,Valenca,BR,-13.3703,-39.0731,72.37,98,90,0.94,overcast clouds
393,Udachnyy,RU,66.4167,112.4,-20.56,74,96,2.57,overcast clouds
394,Vostok,RU,46.4856,135.8833,26.96,70,88,2.53,overcast clouds
395,Bastia,FR,42.6667,9.3333,65.3,65,91,4.0,overcast clouds
396,Kirkuk,IQ,35.4681,44.3922,56.53,71,59,4.0,broken clouds
397,Andenes,NO,69.3143,16.1194,33.78,80,11,5.75,few clouds
398,Bairiki,KI,1.3292,172.9752,87.8,66,40,11.5,scattered clouds
399,Ust-Ilimsk,RU,58.0006,102.6619,28.8,89,100,11.41,overcast clouds
400,Bay Roberts,CA,47.5999,-53.2648,34.34,83,100,3.65,overcast clouds
401,Kargasok,RU,59.0556,80.8572,-6.65,92,17,8.28,few clouds
402,Sao Felix Do Xingu,BR,-6.6447,-51.995,72.46,97,100,1.07,overcast clouds
403,Dubai,AE,25.2582,55.3047,78.73,69,0,2.3,clear sky
404,Biak,ID,-0.9131,122.8766,82.71,74,100,4.85,overcast clouds
405,Lydenburg,ZA,-25.0978,30.4597,64.4,69,0,0.85,clear sky
406,Moncao,PT,42.0789,-8.4808,61.52,95,100,6.78,overcast clouds
407,Swan River,CA,52.1058,-101.2676,22.89,74,100,9.22,overcast clouds
408,Dire,ML,12.2833,-10.9667,74.01,36,100,2.55,overcast clouds
409,Isangel,VU,-19.55,169.2667,83.73,63,87,6.69,overcast clouds
410,Maumere,ID,-8.6199,122.2111,85.5,70,65,2.53,broken clouds
411,Narsaq,GL,60.9167,-46.05,23.22,91,50,5.73,scattered clouds
412,Posevnaya,RU,54.3006,83.3297,20.21,90,100,16.69,overcast clouds
413,Kampot,KH,10.6167,104.1833,84.25,78,86,4.59,overcast clouds
414,Nesna,NO,66.1967,13.0213,51.91,37,46,21.34,scattered clouds
415,Zaysan,KZ,47.4667,84.8667,24.04,58,69,9.37,broken clouds
416,San Quintin,MX,30.4833,-115.95,61.52,54,0,1.77,clear sky
417,Kavieng,PG,-2.5744,150.7967,84.97,69,82,8.97,broken clouds
418,Khangarh,PK,29.9173,71.1618,55.47,36,0,5.3,clear sky
419,Aguimes,ES,27.9054,-15.4461,72.66,34,0,6.91,clear sky
420,Quesnel,CA,52.9999,-122.5029,23.5,93,0,3.44,mist
421,Osypenko,UA,46.9136,36.8253,48.96,96,100,7.58,light rain
422,Rodrigues Alves,BR,-7.738,-72.6509,71.94,99,100,2.62,overcast clouds
423,Matara,LK,5.9485,80.5353,77.63,84,96,4.56,overcast clouds
424,Kamenka,RU,51.3223,42.7678,30.9,99,100,5.97,snow
425,Sur,OM,22.5667,59.5289,74.84,74,5,1.86,clear sky
426,Sainte-Rose,GP,16.3324,-61.6979,77.04,88,40,5.75,scattered clouds
427,Santa Maria,BR,-29.6842,-53.8069,63.7,72,0,2.3,clear sky
428,Excelsior Springs,US,39.3392,-94.2261,29.71,73,0,0.0,clear sky
429,Jinchang,CN,38.4953,102.1739,39.83,36,0,10.56,clear sky
430,Lingao,CN,19.9103,109.6859,79.47,81,26,11.18,scattered clouds
431,Jumla,NP,29.2747,82.1838,42.35,45,2,2.66,clear sky
432,Charters Towers,AU,-20.1,146.2667,92.23,14,82,9.33,broken clouds
433,Pavilosta,LV,56.8879,21.1859,31.91,78,13,7.96,few clouds
434,Tabou,CI,4.423,-7.3528,77.16,85,3,3.22,clear sky
435,Nouadhibou,MR,20.931,-17.0347,73.38,56,0,12.66,clear sky
436,Brokopondo,SR,4.75,-55.1667,77.99,79,100,8.19,overcast clouds
437,San Cristobal,VE,7.7669,-72.225,69.98,98,100,1.95,overcast clouds
438,Dingli,MT,35.8614,14.3822,62.82,94,0,5.75,clear sky
439,Neyshabur,IR,36.2133,58.7958,49.3,37,30,2.53,scattered clouds
440,Fare,PF,-16.7,-151.0167,79.29,74,100,3.29,overcast clouds
441,White Oak,US,39.2131,-84.5994,33.04,81,100,13.8,overcast clouds
442,Mount Isa,AU,-20.7333,139.5,85.77,17,60,13.8,broken clouds
443,Kiboga,UG,0.9161,31.7742,59.83,99,50,1.01,light rain
444,Nueva Loja,EC,0.0847,-76.8828,71.38,96,100,1.72,overcast clouds
445,Bemidji,US,47.4736,-94.8803,19.06,91,0,0.0,clear sky
446,Vyartsilya,RU,62.1764,30.693,27.57,94,34,5.61,scattered clouds
447,Melilla,ES,35.2937,-2.9383,68.38,77,0,1.14,clear sky
448,Menongue,AO,-14.6585,17.691,61.48,95,94,3.85,overcast clouds
449,Douglas,US,41.3,-96.167,23.88,71,0,0.0,clear sky
450,Lenger,KZ,42.183,69.8839,17.04,64,63,7.94,broken clouds
451,Kushima,JP,31.4583,131.2333,65.26,56,100,2.06,overcast clouds
452,Port Hedland,AU,-20.3167,118.5667,80.65,57,75,12.66,broken clouds
453,Leshukonskoye,RU,64.8989,45.7622,7.41,98,63,3.11,broken clouds
454,La Palma,US,33.8464,-118.0467,72.21,18,20,6.91,few clouds
455,Shimoda,JP,34.6667,138.95,62.96,55,98,6.06,overcast clouds
456,Maneromango,TZ,-7.1988,38.7848,71.24,88,80,3.22,broken clouds
457,Mandalgovi,MN,45.7625,106.2708,31.32,29,80,6.42,broken clouds
458,Dieppe,FR,49.75,1.1667,53.19,85,100,7.0,overcast clouds
459,Caravelas,BR,-17.7125,-39.2481,72.27,97,100,1.43,moderate rain
460,Kumbo,CM,6.2,10.6667,58.53,69,100,3.62,overcast clouds
461,Pamyat Parizhskoy Kommuny,RU,56.1048,44.4952,22.95,89,40,5.12,scattered clouds
462,Olafsvik,IS,64.8945,-23.7142,44.31,74,72,22.1,broken clouds
463,Labuhan,ID,-6.8844,112.2051,85.42,67,99,2.98,overcast clouds
464,Ampanihy,MG,-24.7,44.75,64.89,84,0,3.49,clear sky
465,Saint Anthony,US,45.0205,-93.218,26.55,78,40,11.5,scattered clouds
466,Dakar,SN,14.6937,-17.4441,78.93,89,0,0.0,clear sky
467,Souillac,MU,-20.5167,57.5167,70.18,78,40,3.44,scattered clouds
468,Mitu,CO,1.1983,-70.1733,72.05,99,97,1.59,heavy intensity rain
469,Huarmey,PE,-10.0681,-78.1522,64.9,85,100,9.15,overcast clouds
470,Alofi,NU,-19.0595,-169.9187,82.29,78,75,9.22,broken clouds
471,Kabompo,ZM,-13.5927,24.2008,61.77,97,92,2.64,overcast clouds
472,Cabinda,AO,-5.55,12.2,76.19,83,92,8.05,overcast clouds
473,Bjornevatn,NO,69.6672,29.9847,28.02,93,93,5.75,overcast clouds
474,Pudozh,RU,61.8099,36.5345,31.98,73,98,8.25,overcast clouds
475,Orlik,RU,52.5178,99.825,6.6,90,84,2.75,broken clouds
476,Sao Joao Da Barra,BR,-21.6403,-41.0511,70.5,89,91,22.15,overcast clouds
477,Hearst,CA,49.6835,-83.6665,14.25,92,100,3.78,overcast clouds
478,Hasaki,JP,35.7333,140.8333,59.29,61,88,17.83,overcast clouds
479,Srandakan,ID,-7.9386,110.2506,84.85,69,58,3.27,broken clouds
480,Velsk,RU,61.0701,42.0983,22.86,84,87,6.35,overcast clouds
481,Garissa,KE,-0.4536,39.6401,74.34,85,100,11.01,overcast clouds
482,Huntsville,US,34.7304,-86.5861,39.81,68,40,0.0,scattered clouds
483,Banda Aceh,ID,5.5577,95.3222,82.0,72,100,12.77,moderate rain
484,Esperance,AU,-33.8667,121.9,73.17,51,6,9.64,clear sky
485,Athboy,IE,53.6186,-6.9206,42.8,93,98,3.91,overcast clouds
486,Santarem,BR,-2.4431,-54.7083,77.13,94,0,2.3,clear sky
487,Mtambile,TZ,-5.3833,39.7,77.41,82,44,6.69,scattered clouds
488,Iquique,CL,-20.2208,-70.1431,64.44,73,39,2.55,scattered clouds
489,Pascagoula,US,30.3658,-88.5561,47.12,83,100,5.75,overcast clouds
490,Pierreville,CA,46.0703,-72.8112,31.66,100,98,10.36,overcast clouds
491,Erenhot,CN,43.6475,111.9767,32.97,38,7,6.53,clear sky
492,Nanyang,CN,32.9947,112.5328,57.16,51,4,2.59,clear sky
493,Ust-Nera,RU,64.5667,143.2,-7.96,96,100,2.57,overcast clouds
494,Mayumba,GA,-3.432,10.6554,75.83,86,100,9.86,light rain
495,Qasigiannguit,GL,68.8193,-51.1922,16.05,93,100,4.99,overcast clouds
496,Big Bend,SZ,-26.8167,31.9333,68.31,91,0,1.43,clear sky
497,Cheyenne,US,41.14,-104.8203,28.54,59,0,10.0,clear sky
498,Sioux Lookout,CA,50.1001,-91.917,23.07,93,100,3.44,overcast clouds
499,Lazaro Cardenas,MX,17.9583,-102.2,77.92,84,0,2.42,clear sky
500,Banepa,NP,27.6298,85.5214,48.52,93,75,2.3,mist
501,Pemangkat,ID,1.1667,108.9667,82.47,77,51,2.51,broken clouds
502,Buala,SB,-8.145,159.5921,84.58,69,52,1.83,light rain
503,Vila Franca Do Campo,PT,37.7167,-25.4333,63.19,88,100,6.89,overcast clouds
504,Port Macquarie,AU,-31.4333,152.9167,67.89,49,40,15.86,scattered clouds
505,Palana,RU,59.1167,159.9667,21.79,88,100,13.38,light snow
506,The Valley,AI,18.217,-63.0578,80.46,72,1,17.58,clear sky
507,Eslamshahr,IR,35.5605,51.2346,54.84,57,75,6.91,broken clouds
508,Waterloo,CA,43.4668,-80.5164,30.07,93,100,5.75,snow
509,Nagato,JP,34.3833,131.2,61.74,52,100,3.62,overcast clouds
510,Nago,JP,26.5881,127.9761,77.43,74,100,13.06,overcast clouds
511,Sorland,NO,67.667,12.6934,44.46,54,50,11.36,scattered clouds
512,Oranjemund,NA,-28.55,16.4333,58.57,89,72,9.17,broken clouds
513,Novikovo,RU,51.1537,37.8879,30.4,97,100,10.4,light snow
514,Alta Floresta,BR,-9.8756,-56.0861,73.38,87,60,2.51,broken clouds
515,Arica,CL,-18.475,-70.3042,65.75,72,0,4.61,clear sky
516,Bilma,NE,18.6853,12.9164,65.1,26,3,4.83,clear sky
517,Birao,CF,10.2849,22.7882,67.55,35,61,5.84,broken clouds
518,Vanavara,RU,60.34,102.2797,12.69,96,100,2.53,light snow
519,Acapulco,MX,16.8634,-99.8901,82.22,78,75,3.44,broken clouds
520,Margate,GB,51.3813,1.3862,55.9,96,100,7.0,light rain
521,Miracema Do Tocantins,BR,-9.5618,-48.3967,74.48,91,100,1.83,overcast clouds
522,Asyut,EG,27.181,31.1837,63.07,47,100,6.38,overcast clouds
523,Ewa Beach,US,21.3156,-158.0072,84.15,54,40,18.41,scattered clouds
524,Baoshan,CN,46.5586,131.4244,32.79,51,0,2.84,clear sky
525,Flin Flon,CA,54.7682,-101.865,17.44,91,100,13.8,light snow
526,Ugoofaaru,MV,5.6667,73.0,81.12,75,96,8.48,overcast clouds
527,Mezen,RU,65.8522,44.24,20.73,96,77,2.95,broken clouds
528,Kottagudem,IN,17.55,80.6333,63.82,71,1,3.04,clear sky
529,Alyangula,AU,-13.8483,136.4192,90.48,50,70,3.04,broken clouds
530,Krasnoborsk,RU,61.5598,45.934,19.06,68,16,5.82,few clouds
531,Lucapa,AO,-8.4192,20.7447,63.3,98,100,1.39,overcast clouds
532,Sal Rei,CV,16.1833,-22.9167,76.89,75,10,10.49,clear sky
533,Boiro,ES,42.65,-8.9,60.78,83,94,11.32,overcast clouds
534,Tessalit,ML,20.1986,1.0114,66.97,16,51,6.62,broken clouds
535,Zhanaozen,KZ,43.3,52.8,38.26,52,100,20.24,overcast clouds
536,Carson City,US,39.1638,-119.7674,41.2,62,0,4.61,clear sky
537,Iquitos,PE,-3.7481,-73.2472,73.44,94,0,0.0,clear sky
538,Unai,BR,-16.3575,-46.9061,71.01,82,100,1.63,overcast clouds
539,Guiglo,CI,6.5456,-7.4966,67.98,86,3,2.15,clear sky
540,Samarinda,ID,-0.5,117.15,82.22,86,100,3.27,overcast clouds
541,Lorengau,PG,-2.0226,147.2712,85.39,57,99,7.99,overcast clouds
542,Vrangel,RU,42.7297,133.0839,42.03,47,55,0.22,broken clouds
543,Coquimbo,CL,-29.9533,-71.3436,58.73,94,0,6.91,clear sky
544,Kununurra,AU,-15.7667,128.7333,82.38,78,25,4.61,scattered clouds
545,Salto,UY,-31.3833,-57.9667,73.87,69,4,4.12,clear sky
546,Pacifica,US,37.6138,-122.4869,60.8,59,40,16.11,scattered clouds
547,Tomatlan,MX,19.9333,-105.25,72.18,84,0,2.71,clear sky
548,Gawler,AU,-34.6,138.7333,70.16,51,0,8.32,clear sky
549,Kysyl-Syr,RU,63.8986,122.7617,-13.41,97,100,12.91,light snow
550,Calabozo,VE,8.9242,-67.4293,77.29,81,100,4.34,overcast clouds
551,Miami,US,25.7743,-80.1937,81.0,84,75,5.75,broken clouds
552,Hualmay,PE,-11.0964,-77.6139,64.35,85,100,10.54,overcast clouds
553,Bud,US,39.447,-86.1758,30.85,73,69,13.18,broken clouds
554,Abrau-Dyurso,RU,44.69,37.59,56.66,82,76,18.66,light rain
555,Vila Velha,BR,-20.3297,-40.2925,71.55,98,100,3.44,moderate rain
556,Fukue,JP,32.6881,128.8419,61.16,63,75,2.3,light rain
557,Cantagalo,BR,-21.9811,-42.3681,61.88,95,99,4.88,overcast clouds
558,Ozernovskiy,RU,51.5,156.5167,33.94,59,100,6.42,overcast clouds
559,Umm Lajj,SA,25.0213,37.2685,74.59,55,100,10.11,overcast clouds
560,Moron,AR,-34.6534,-58.6198,82.29,50,81,5.93,broken clouds
561,Kudahuvadhoo,MV,2.6708,72.8944,81.3,75,100,12.08,overcast clouds
562,Lufkin,US,31.3382,-94.7291,40.91,86,0,0.0,clear sky
563,Podgornoye,RU,51.735,39.1496,28.62,86,100,6.71,light snow
564,Nara,JP,34.6851,135.8049,60.96,43,100,3.13,overcast clouds
565,Sergeyevka,KZ,53.88,67.4158,6.13,93,22,6.17,few clouds
566,Masaka,UG,-0.3338,31.7341,61.09,94,96,4.97,overcast clouds
567,Black River,JM,18.0264,-77.8487,78.12,86,46,3.24,scattered clouds
568,Camacha,PT,33.0833,-16.3333,65.62,88,40,13.8,scattered clouds
569,Raga,SS,8.4596,25.678,70.09,38,63,4.12,broken clouds
570,Ko Samui,TH,9.5357,99.9357,82.31,78,20,9.22,few clouds
571,Maues,BR,-3.3836,-57.7186,81.41,63,89,1.68,overcast clouds
572,Khor,RU,47.8861,134.9464,30.34,69,93,7.05,overcast clouds
573,Abnub,EG,27.2696,31.1511,62.92,47,100,6.2,overcast clouds
574,Taoudenni,ML,22.6783,-3.9836,71.6,18,0,9.22,clear sky
575,Cosala,MX,24.4125,-106.6908,65.57,69,5,1.34,clear sky
576,Bloemfontein,ZA,-29.1211,26.214,51.28,100,37,1.14,scattered clouds
577,Marquette,US,46.5333,-87.6335,26.33,87,100,2.66,overcast clouds
578,Rio Grande,BR,-32.035,-52.0986,67.6,65,0,6.22,clear sky
579,Jati,PK,24.3539,68.2671,72.91,51,0,5.66,clear sky
580,Wesselsbron,ZA,-27.8549,26.3658,59.68,24,14,5.14,few clouds
581,El Paraiso,HN,13.8667,-86.55,65.43,93,51,4.07,broken clouds
582,Trinidad,BO,-14.8333,-64.9,81.14,55,54,2.3,broken clouds
583,Podor,MR,16.6527,-14.9587,83.17,40,45,1.61,scattered clouds
584,Ushtobe,KZ,45.2514,77.9838,27.39,69,4,13.02,clear sky
585,Suriapet,IN,17.15,79.6167,64.11,62,3,5.97,clear sky
586,Ukiah,US,39.1502,-123.2078,56.44,58,0,1.01,clear sky
587,Lipari,IT,38.4674,14.954,67.32,73,99,20.49,overcast clouds
588,Aksarka,RU,66.5606,67.7975,3.33,88,42,8.01,scattered clouds
589,Pozo Colorado,PY,-23.4923,-58.7972,68.81,66,0,5.28,clear sky
590,Nantucket,US,41.2835,-70.0995,48.31,76,100,13.8,overcast clouds
591,Vanimo,PG,-2.6741,141.3028,85.32,71,93,5.39,overcast clouds
592,Gat,IL,31.61,34.7642,64.4,100,17,5.32,few clouds
593,Barbastro,ES,42.0356,0.1269,54.14,76,49,1.74,scattered clouds
594,Husavik,IS,66.0449,-17.3389,42.8,82,100,15.86,overcast clouds
595,Chivay,PE,-15.6383,-71.6011,51.76,54,100,4.21,overcast clouds
596,Saquarema,BR,-22.92,-42.5103,70.14,81,78,6.02,broken clouds
597,Axim,GH,4.8699,-2.2405,76.93,85,59,5.53,light rain
598,Cockburn Town,TC,21.4612,-71.1419,82.36,74,40,9.22,scattered clouds
599,Buchanan,LR,5.8808,-10.0467,76.64,87,38,3.06,scattered clouds
600,Parry Sound,CA,45.3501,-80.033,30.11,86,97,6.87,overcast clouds
601,Kondinskoye,RU,59.6481,67.41,-16.26,96,26,2.64,scattered clouds
602,Kumano,JP,34.3442,132.5894,52.97,61,100,2.21,overcast clouds
603,Nizhniy Kuranakh,RU,58.8353,125.4869,12.7,93,100,2.28,light snow
604,Werda,BW,-25.2667,23.2833,75.11,21,1,7.23,clear sky
605,Koslan,RU,63.4564,48.8989,2.88,98,25,3.09,scattered clouds
606,Tatarsk,RU,55.219,75.9828,12.38,91,100,9.55,overcast clouds
607,Mattru,SL,7.6244,-11.8332,72.18,95,54,1.39,broken clouds
608,Samarai,PG,-10.6167,150.6667,86.49,69,97,15.46,overcast clouds
609,Farah,AF,32.5,62.5,50.88,33,3,4.32,clear sky
610,Hope,US,33.6671,-93.5916,48.25,66,0,7.83,clear sky
611,Svetlyy,RU,54.675,20.1347,33.85,78,8,10.45,clear sky
612,Svirstroy,RU,60.7999,33.7248,31.12,91,85,7.4,overcast clouds
613,Seymchan,RU,62.8833,152.4333,-18.8,99,99,1.52,overcast clouds
614,Kualakapuas,ID,-3.0091,114.3876,88.48,63,100,1.79,overcast clouds
615,Cumpas,MX,29.9833,-109.7833,61.21,44,2,2.48,clear sky
616,Ornskoldsvik,SE,63.2909,18.7153,14.95,92,3,5.75,clear sky
617,Yatou,CN,37.15,122.3833,59.18,51,0,11.03,clear sky
618,Dalvik,IS,65.9702,-18.5286,42.73,88,100,7.11,overcast clouds
619,Matagami,CA,49.7502,-77.6328,15.91,86,100,4.61,overcast clouds
620,Kaspiyskiy,RU,45.3929,47.3707,48.33,87,100,14.88,overcast clouds
621,Murray Bridge,AU,-35.1167,139.2667,67.33,40,0,7.49,clear sky
622,Solnechnyy,RU,50.7214,136.6319,24.35,58,77,3.44,broken clouds
623,Ancud,CL,-41.8697,-73.8203,53.11,93,23,5.53,few clouds
624,Moranbah,AU,-22.0016,148.0466,86.76,18,80,11.14,broken clouds
625,Meulaboh,ID,4.1363,96.1285,78.21,83,100,4.68,overcast clouds
626,Kajaani,FI,64.2273,27.7285,24.85,93,100,3.44,overcast clouds
627,Felipe Carrillo Puerto,MX,19.5833,-88.05,72.81,92,56,2.37,light rain
628,Diego De Almagro,CL,-26.3667,-70.05,64.8,50,0,1.68,clear sky
629,Ostersund,SE,63.1792,14.6357,25.25,100,100,5.01,overcast clouds
630,Izhmorskiy,RU,56.194,86.6414,20.75,89,98,12.1,overcast clouds
631,Rundu,NA,-17.9333,19.7667,71.51,46,42,1.79,scattered clouds
632,Redlands,US,34.0556,-117.1825,67.17,22,0,6.24,clear sky
633,Saint Paul,US,44.9444,-93.0933,28.18,81,100,12.66,overcast clouds
634,Toamasina,MG,-18.1667,49.3833,73.4,88,75,2.3,broken clouds
635,Itarema,BR,-2.9248,-39.9167,78.62,71,6,14.88,clear sky
636,Lengshuijiang,CN,27.6881,111.4294,58.12,75,100,1.63,overcast clouds
637,Launceston,AU,-41.45,147.1667,62.62,52,75,5.75,broken clouds
638,Navrongo,GH,10.8956,-1.0921,73.81,21,4,6.98,clear sky
639,Tari,NG,12.4086,4.4914,71.94,25,61,8.03,broken clouds
640,Ipojuca,BR,-8.3989,-35.0639,80.51,86,12,2.35,few clouds
641,Nishihara,JP,26.1842,127.7558,76.66,69,75,11.5,broken clouds
642,Maceio,BR,-9.6658,-35.7353,76.44,94,40,3.44,scattered clouds
643,Oktyabrskoye,RU,43.0645,44.7417,26.74,93,100,2.24,overcast clouds
644,Muzhi,RU,65.3667,64.6667,-2.33,87,21,6.11,few clouds
645,Cururupu,BR,-1.8283,-44.8683,75.09,85,44,4.25,scattered clouds
646,Hadrut,AZ,39.52,47.0318,45.3,58,0,3.2,clear sky
647,Langham,CA,52.3668,-106.9679,17.44,79,100,19.08,overcast clouds
648,Baiao,BR,-2.7906,-49.6717,77.49,81,86,1.48,overcast clouds
649,Surgut,RU,61.25,73.4167,-15.92,75,0,2.24,clear sky
650,Saint-Augustin,CA,51.226,-58.6502,20.68,92,100,2.24,overcast clouds
651,Novyy Urengoy,RU,66.0833,76.6333,2.73,96,100,7.56,overcast clouds
652,Coos Bay,US,43.3665,-124.2179,49.98,90,0,3.44,clear sky
653,Keetmanshoop,NA,-26.5833,18.1333,62.24,46,1,6.11,clear sky
654,Jiamusi,CN,46.8333,130.35,30.56,56,1,3.62,clear sky
655,Kushiro,JP,42.975,144.3747,41.95,60,40,2.3,scattered clouds
656,Itaituba,BR,-4.2761,-55.9836,79.21,77,90,1.32,overcast clouds
657,Comodoro Rivadavia,AR,-45.8667,-67.5,58.86,58,0,6.91,clear sky
658,Yelizovo,RU,53.1873,158.3805,24.94,49,0,8.99,clear sky
659,Saint-Andre-Les-Vergers,FR,48.2853,4.0521,53.64,82,0,21.85,clear sky
660,Baherden,TM,38.4362,57.4316,52.07,50,94,7.49,overcast clouds
661,Bagdarin,RU,54.4333,113.6,19.92,74,60,2.95,broken clouds
662,Cayhagan,PH,9.6697,122.4256,80.89,79,94,8.43,overcast clouds
663,Olinala,MX,17.8333,-98.85,66.31,52,8,3.4,clear sky
664,Zhezkazgan,KZ,47.8043,67.7144,21.18,79,100,6.71,overcast clouds
665,Inuvik,CA,68.3499,-133.7218,25.66,50,40,4.61,scattered clouds
666,Taseyevo,RU,57.2169,94.8978,28.87,84,100,7.96,overcast clouds
667,Road Town,VG,18.4167,-64.6167,80.69,83,40,8.05,scattered clouds
668,North Bend,US,43.4065,-124.2243,49.91,89,0,3.44,clear sky
669,Mednogorsk,RU,51.4128,57.595,23.14,96,100,4.85,light snow
670,Balykshi,KZ,47.0667,51.8667,32.0,74,75,13.42,broken clouds
671,Troitskoye,RU,52.9821,84.6757,24.6,93,100,19.01,snow
672,Jiaojiang,CN,28.6803,121.4428,66.0,81,84,5.5,broken clouds
673,Lima,PE,-12.0432,-77.0282,64.9,81,0,14.97,clear sky
674,Waipawa,NZ,-41.4122,175.5153,59.74,96,100,3.83,light rain
675,Korgen,NO,66.0771,13.8153,21.33,30,10,7.38,clear sky
676,Boca Do Acre,BR,-8.7522,-67.3978,74.17,91,76,1.81,broken clouds
677,Kenai,US,60.5544,-151.2583,32.14,71,0,11.5,clear sky
678,Poli,TZ,-3.3333,36.8,60.85,92,99,3.98,overcast clouds
679,Faya,SA,18.3851,42.4509,51.91,54,3,2.15,clear sky
680,Dalbandin,PK,28.8947,64.4101,54.09,29,0,5.82,clear sky
681,Moctezuma,MX,29.8,-109.6667,62.73,44,1,1.9,clear sky
682,Cajititlan,MX,20.4333,-103.3167,65.89,49,2,3.71,clear sky
683,Abu Dhabi,AE,24.4667,54.3667,77.02,83,0,2.3,clear sky
684,Moindou,NC,-21.6924,165.677,81.45,70,100,5.21,overcast clouds
685,Komsomolskiy,UZ,40.4272,71.7189,34.52,86,9,0.0,clear sky
686,Tawau,MY,4.2498,117.8871,78.93,94,100,3.69,heavy intensity rain
687,Preobrazheniye,RU,42.9019,133.9064,42.39,45,11,2.93,few clouds
688,La Trinidad,PH,16.455,120.5875,74.79,51,21,1.77,few clouds
689,Carauari,BR,-4.8828,-66.8958,73.6,90,78,0.89,broken clouds
690,Rocha,UY,-34.4833,-54.3333,58.69,85,8,3.6,clear sky
691,Richards Bay,ZA,-28.783,32.0377,70.52,93,97,7.31,light rain
692,Arlit,NE,18.7369,7.3853,66.76,21,10,7.11,clear sky
693,Praia,CV,14.9215,-23.5087,75.74,69,20,8.05,few clouds
694,Ormara,PK,25.2088,64.6357,76.3,67,0,2.84,clear sky
695,Denpasar,ID,-8.65,115.2167,83.86,79,20,5.75,few clouds
696,Camapua,BR,-19.5314,-54.0439,67.86,55,0,6.62,clear sky
697,Maragogi,BR,-9.0122,-35.2225,75.36,86,18,4.45,few clouds
698,Sibolga,ID,1.7427,98.7792,76.75,86,100,2.35,overcast clouds
699,Pecos,US,31.4229,-103.4932,44.69,36,0,5.75,clear sky
700,Christchurch,NZ,-43.5333,172.6333,69.42,68,75,4.61,broken clouds
701,Deputatskiy,RU,69.3,139.9,-28.77,100,84,2.39,broken clouds
702,Finschhafen,PG,-6.6024,147.8681,84.88,74,100,5.95,overcast clouds
703,Amapa,BR,1.0,-52.0,70.97,77,90,2.64,overcast clouds
704,Kashan,IR,33.9831,51.4364,54.99,50,40,2.3,scattered clouds
705,Neiafu,TO,-18.65,-173.9833,75.88,94,75,5.75,light rain
706,Kaduqli,SD,11.0167,29.7167,70.29,23,66,9.71,broken clouds
707,Pundaguitan,PH,6.3711,126.1689,77.61,90,100,11.9,overcast clouds
708,La Orilla,MX,17.9833,-102.2333,77.32,85,0,2.19,clear sky
709,Tambun,ID,-6.2641,107.0712,83.48,100,40,4.61,heavy intensity rain
710,Pasewalk,DE,53.5063,13.99,36.9,75,40,14.7,scattered clouds
711,Swellendam,ZA,-34.0226,20.4417,59.13,78,100,4.34,overcast clouds
712,Erdenet,MN,49.0333,104.0833,20.05,62,4,3.36,clear sky
713,Cedar City,US,37.6775,-113.0619,29.39,69,0,3.44,clear sky
714,Boa Vista,BR,2.8197,-60.6733,80.58,74,0,4.61,clear sky
715,Karoi,ZW,-16.8099,29.6925,67.69,70,71,2.66,broken clouds
716,Panzhihua,CN,26.5851,101.7128,59.49,56,0,0.92,clear sky
717,Itupeva,BR,-23.1531,-47.0578,65.93,59,0,20.71,clear sky
718,Batsfjord,NO,70.6345,29.7185,40.78,33,19,6.91,few clouds
719,Egvekinot,RU,66.3167,-179.1667,29.16,99,100,6.42,light snow
720,Sulphur,US,30.2366,-93.3774,48.18,73,0,5.75,clear sky
721,Stephenville,US,32.2207,-98.2023,46.17,67,75,0.0,broken clouds
722,Alcala De Henares,ES,40.4821,-3.36,59.52,97,100,12.66,overcast clouds
723,Yar-Sale,RU,66.8333,70.8333,6.87,92,99,7.72,overcast clouds
724,Tyazhinskiy,RU,56.116,88.524,24.19,82,100,16.49,overcast clouds
725,Port Blair,IN,11.6667,92.75,77.04,88,75,1.14,mist
726,Havre-Saint-Pierre,CA,50.2334,-63.5986,28.4,86,100,11.5,light snow
727,Saint-Francois,FR,46.4154,3.9054,58.44,67,75,14.97,broken clouds
728,San Carlos De Bariloche,AR,-41.1456,-71.3082,55.15,58,0,6.91,clear sky
